{
  "openapi": "3.0.0",
  "info": {
    "version": "0.0.0",
    "title": "Taxi Service",
    "description": "This is a sample server for a taxi service.",
    "termsOfService": "http://example.com/terms/"
  },
  "tags": [
    {
      "name": "order",
      "description": "Operations about orders"
    },
    {
      "name": "car",
      "description": "Operations about cars"
    },
    {
      "name": "taxi service",
      "description": "Operations about taxi services"
    },
    {
      "name": "customer",
      "description": "Operations about customers"
    }
  ],
  "paths": {
    "/orders": {
      "post": {
        "tags": [
          "order"
        ],
        "summary": "Creates an order and returns the order ID",
        "operationId": "createOrder",
        "requestBody": {
          "required": true,
          "description": "A JSON object that contains the order number and item.",
          "content": {
            "application/json": {
              "schema": {
                "$ref": "#/components/schemas/Order"
              }
            }
          }
        },
        "responses": {
          "201": {
            "description": "Created",
            "content": {
              "application/json": {
                "schema": {
                  "type": "object",
                  "properties": {
                    "id": {
                      "type": "integer",
                      "format": "int64",
                      "description": "ID of the created order."
                    }
                  }
                }
              }
            },
            "links": {
              "GetOrderById": {
                "operationId": "getOrder",
                "parameters": {
                  "orderId": "$response.body#/id"
                },
                "description": "The `id` value returned in the response can be used as the `orderId` parameter in `GET /orders/{orderId}`.\n"
              }
            }
          }
        }
      },
      "put": {
        "tags": [
          "order"
        ],
        "summary": "Update an existing order",
        "operationId": "updateOrder",
        "requestBody": {
          "required": true,
          "description": "A JSON object that contains the order number and item.",
          "content": {
            "application/json": {
              "schema": {
                "$ref": "#/components/schemas/Order"
              }
            }
          }
        },
        "responses": {
          "400": {
            "description": "Invalid ID supplied"
          },
          "404": {
            "description": "Order not found"
          },
          "405": {
            "description": "Validation exception"
          }
        },
        "security": [
          {
            "taxiservice_auth": [
              "write:orders",
              "read:orders"
            ]
          }
        ]
      },
      "delete": {
        "tags": [
          "order"
        ],
        "summary": "Deletes an order",
        "operationId": "deleteOrder",
        "parameters": [
          {
            "name": "orderId",
            "in": "path",
            "required": true,
            "description": "Order id to delete",
            "schema": {
              "type": "integer",
              "format": "int64"
            }
          }
        ],
        "responses": {
          "400": {
            "description": "Invalid ID supplied"
          },
          "404": {
            "description": "Order not found"
          }
        },
        "security": [
          {
            "taxiservice_auth": [
              "write:orders",
              "read:orders"
            ]
          }
        ]
      }
    },
    "/orders/{orderId}": {
      "get": {
        "tags": [
          "order"
        ],
        "summary": "Gets an order by ID",
        "operationId": "getOrderById",
        "parameters": [
          {
            "in": "path",
            "name": "orderId",
            "required": true,
            "schema": {
              "type": "integer",
              "format": "int64"
            }
          }
        ],
        "responses": {
          "200": {
            "description": "An Order object",
            "content": {
              "application/json": {
                "schema": {
                  "$ref": "#/components/schemas/Order"
                }
              }
            }
          }
        }
      }
    },
    "/cars": {
      "post": {
        "tags": [
          "car"
        ],
        "summary": "Creates a car and returns the car ID",
        "operationId": "createCar",
        "requestBody": {
          "required": true,
          "description": "A JSON object that contains the car.",
          "content": {
            "application/json": {
              "schema": {
                "$ref": "#/components/schemas/Car"
              }
            }
          }
        },
        "responses": {
          "201": {
            "description": "Created",
            "content": {
              "application/json": {
                "schema": {
                  "type": "object",
                  "properties": {
                    "id": {
                      "type": "integer",
                      "format": "int64",
                      "description": "ID of the created car."
                    }
                  }
                }
              }
            },
            "links": {
              "GetCarById": {
                "operationId": "getCar",
                "parameters": {
                  "carId": "$response.body#/id"
                },
                "description": "The `id` value returned in the response can be used as the `carId` parameter in `GET /cars/{carId}`.\n"
              }
            }
          }
        }
      },
      "put": {
        "tags": [
          "car"
        ],
        "summary": "Update an existing car",
        "operationId": "updateCar",
        "requestBody": {
          "required": true,
          "description": "A JSON object that contains the car.",
          "content": {
            "application/json": {
              "schema": {
                "$ref": "#/components/schemas/Car"
              }
            }
          }
        },
        "responses": {
          "400": {
            "description": "Invalid ID supplied"
          },
          "404": {
            "description": "Car not found"
          },
          "405": {
            "description": "Validation exception"
          }
        },
        "security": [
          {
            "taxiservice_auth": [
              "write:cars",
              "read:cars"
            ]
          }
        ]
      },
      "delete": {
        "tags": [
          "car"
        ],
        "summary": "Deletes a car",
        "operationId": "deleteCar",
        "parameters": [
          {
            "name": "carId",
            "in": "path",
            "required": true,
            "description": "Car id to delete",
            "schema": {
              "type": "integer",
              "format": "int64"
            }
          }
        ],
        "responses": {
          "400": {
            "description": "Invalid ID supplied"
          },
          "404": {
            "description": "Car not found"
          }
        },
        "security": [
          {
            "taxiservice_auth": [
              "write:cars",
              "read:cars"
            ]
          }
        ]
      }
    },
    "/cars/{carId}": {
      "get": {
        "tags": [
          "car"
        ],
        "summary": "Gets a car by ID",
        "operationId": "getCar",
        "parameters": [
          {
            "in": "path",
            "name": "carId",
            "required": true,
            "schema": {
              "type": "integer",
              "format": "int64"
            }
          }
        ],
        "responses": {
          "200": {
            "description": "A Car object",
            "content": {
              "application/json": {
                "schema": {
                  "$ref": "#/components/schemas/Car"
                }
              }
            }
          }
        }
      }
    },
    "/taxiServices": {
      "post": {
        "tags": [
          "taxi service"
        ],
        "summary": "Creates a taxi service and returns the taxi service ID",
        "operationId": "createTaxiService",
        "requestBody": {
          "required": true,
          "description": "A JSON object that contains the taxi service.",
          "content": {
            "application/json": {
              "schema": {
                "$ref": "#/components/schemas/TaxiService"
              }
            }
          }
        },
        "responses": {
          "201": {
            "description": "Created",
            "content": {
              "application/json": {
                "schema": {
                  "type": "object",
                  "properties": {
                    "id": {
                      "type": "integer",
                      "format": "int64",
                      "description": "ID of the created taxi service."
                    }
                  }
                }
              }
            },
            "links": {
              "GetTaxiServiceById": {
                "operationId": "getTaxiService",
                "parameters": {
                  "carId": "$response.body#/id"
                },
                "description": "The `id` value returned in the response can be used as the `taxiServiceId` parameter in `GET /taxis/{taxiServiceId}`.\n"
              }
            }
          }
        }
      },
      "put": {
        "tags": [
          "taxi service"
        ],
        "summary": "Update an existing taxi service",
        "operationId": "updateTaxiService",
        "requestBody": {
          "required": true,
          "description": "A JSON object that contains the taxi service.",
          "content": {
            "application/json": {
              "schema": {
                "$ref": "#/components/schemas/TaxiService"
              }
            }
          }
        },
        "responses": {
          "400": {
            "description": "Invalid ID supplied"
          },
          "404": {
            "description": "TaxiService not found"
          },
          "405": {
            "description": "Validation exception"
          }
        },
        "security": [
          {
            "taxiservice_auth": [
              "write:taxiServices",
              "read:taxiServices"
            ]
          }
        ]
      },
      "delete": {
        "tags": [
          "taxi service"
        ],
        "summary": "Deletes a taxi service",
        "operationId": "deleteTaxiService",
        "parameters": [
          {
            "name": "taxiServiceId",
            "in": "path",
            "required": true,
            "description": "TaxiService id to delete",
            "schema": {
              "type": "integer",
              "format": "int64"
            }
          }
        ],
        "responses": {
          "400": {
            "description": "Invalid ID supplied"
          },
          "404": {
            "description": "TaxiService not found"
          }
        },
        "security": [
          {
            "taxiservice_auth": [
              "write:taxiServices",
              "read:taxiServices"
            ]
          }
        ]
      }
    },
    "/taxiServices/{taxiServiceId}": {
      "get": {
        "tags": [
          "taxi service"
        ],
        "summary": "Gets a taxi service by ID",
        "operationId": "getTaxiService",
        "parameters": [
          {
            "in": "path",
            "name": "taxiServiceId",
            "required": true,
            "schema": {
              "type": "integer",
              "format": "int64"
            }
          }
        ],
        "responses": {
          "200": {
            "description": "A TaxiService object",
            "content": {
              "application/json": {
                "schema": {
                  "$ref": "#/components/schemas/TaxiService"
                }
              }
            }
          }
        }
      }
    },
    "/customers": {
      "post": {
        "tags": [
          "customer"
        ],
        "summary": "Creates a customer and returns the customer ID",
        "operationId": "createDCustomer",
        "requestBody": {
          "required": true,
          "description": "A JSON object that contains the customer.",
          "content": {
            "application/json": {
              "schema": {
                "$ref": "#/components/schemas/Customer"
              }
            }
          }
        },
        "responses": {
          "201": {
            "description": "Created",
            "content": {
              "application/json": {
                "schema": {
                  "type": "object",
                  "properties": {
                    "id": {
                      "type": "integer",
                      "format": "int64",
                      "description": "ID of the created customer."
                    }
                  }
                }
              }
            },
            "links": {
              "GetCustomerById": {
                "operationId": "getCustomer",
                "parameters": {
                  "customerId": "$response.body#/id"
                },
                "description": "The `id` value returned in the response can be used as the `customerId` parameter in `GET /customers/{customerId}`.\n"
              }
            }
          }
        }
      },
      "put": {
        "tags": [
          "customer"
        ],
        "summary": "Update an existing customer",
        "operationId": "updateCustomer",
        "requestBody": {
          "required": true,
          "description": "A JSON object that contains the customer.",
          "content": {
            "application/json": {
              "schema": {
                "$ref": "#/components/schemas/Customer"
              }
            }
          }
        },
        "responses": {
          "400": {
            "description": "Invalid ID supplied"
          },
          "404": {
            "description": "Customer not found"
          },
          "405": {
            "description": "Validation exception"
          }
        },
        "security": [
          {
            "taxiservice_auth": [
              "write:customers",
              "read:customers"
            ]
          }
        ]
      },
      "delete": {
        "tags": [
          "customer"
        ],
        "summary": "Deletes a customer",
        "operationId": "deleteCustomer",
        "parameters": [
          {
            "name": "customerId",
            "in": "path",
            "required": true,
            "description": "Customer id to delete",
            "schema": {
              "type": "integer",
              "format": "int64"
            }
          }
        ],
        "responses": {
          "400": {
            "description": "Invalid ID supplied"
          },
          "404": {
            "description": "Customer not found"
          }
        },
        "security": [
          {
            "taxiservice_auth": [
              "write:customers",
              "read:customers"
            ]
          }
        ]
      }
    },
    "/customers/{customerId}": {
      "get": {
        "tags": [
          "customer"
        ],
        "summary": "Gets a customer by ID",
        "operationId": "getCustomer",
        "parameters": [
          {
            "in": "path",
            "name": "customerId",
            "required": true,
            "schema": {
              "type": "integer",
              "format": "int64"
            }
          }
        ],
        "responses": {
          "200": {
            "description": "A Customer object",
            "content": {
              "application/json": {
                "schema": {
                  "$ref": "#/components/schemas/Customer"
                }
              }
            }
          }
        }
      }
    }
  },
  "components": {
    "schemas": {
      "Order": {
        "type": "object",
        "x-same-as": "http://schema.org/Order",
        "properties": {
          "id": {
            "type": "integer",
            "x-same-as": "http://schema.org/identifier",
            "format": "int64"
          },
          "carId": {
            "type": "integer",
            "x-same-as": "http://schema.org/identifier",
            "format": "int64"
          },
          "customerId": {
            "type": "integer",
            "x-same-as": "http://schema.org/identifier",
            "format": "int64"
          },
          "number": {
            "type": "string",
            "x-same-as": "http://schema.org/orderNumber",
            "format": "int64"
          },
          "date": {
            "type": "string",
            "x-same-as": "http://schema.org/orderDate"
          },
          "status": {
            "type": "string",
            "x-same-as": "http://schema.org/orderStatus",
            "example": "waiting/processed"
          },
          "confirmationNumber": {
            "type": "string",
            "x-same-as": "http://schema.org/confirmationNumber"
          },
          "paymentMethod": {
            "type": "string",
            "x-same-as": "http://schema.org/paymentMethod",
            "example": "cash/card"
          }
        }
      },
      "Car": {
        "type": "object",
        "x-same-as": "http://schema.org/Car",
        "properties": {
          "id": {
            "type": "integer",
            "x-same-as": "http://schema.org/identifier",
            "format": "int64"
          },
          "bodyType": {
            "type": "string",
            "x-same-as": "http://schema.org/bodyType",
            "example": "SUV"
          },
          "accelerationTime": {
            "type": "number",
            "x-same-as": "http://schema.org/accelerationTime"
          },
          "emissionsCO2": {
            "type": "number",
            "x-same-as": "http://schema.org/emissionsCO2"
          },
          "speed": {
            "type": "number",
            "x-same-as": "http://schema.org/speed"
          },
          "model": {
            "type": "string",
            "x-same-as": "http://schema.org/model",
            "example": "Volkswagen Jetta"
          },
          "productionDate": {
            "type": "string",
            "x-same-as": "http://schema.org/productionDate"
          },
          "fuelCapacity": {
            "type": "number",
            "x-same-as": "http://schema.org/fuelCapacity"
          },
          "engine": {
            "type": "string",
            "x-same-as": "http://schema.org/vehicleEngine"
          },
          "price": {
            "type": "number"
          },
          "weight": {
            "type": "number",
            "x-same-as": "http://schema.org/weightTotal"
          },
          "identificationNumber": {
            "type": "string",
            "x-same-as": "http://schema.org/vehicleIdentificationNumber",
            "example": "1HGBH41JXMN109186"
          },
          "seatingCapacity": {
            "type": "number",
            "x-same-as": "http://schema.org/seatingCapacity"
          },
          "airbags": {
            "type": "number",
            "x-same-as": "http://schema.org/numberOfAirbags"
          },
          "meetsEmissionStandard": {
            "type": "string",
            "x-same-as": "http://schema.org/meetsEmissionStandard"
          },
          "fuelType": {
            "type": "string",
            "x-same-as": "http://schema.org/fuelType"
          },
          "fuelConsumption": {
            "type": "number",
            "x-same-as": "http://schema.org/fuelConsumption"
          }
        }
      },
      "TaxiService": {
        "type": "object",
        "x-same-as": "http://schema.org/TaxiService",
        "properties": {
          "id": {
            "type": "integer",
            "x-same-as": "http://schema.org/identifier",
            "format": "int64"
          },
          "provider": {
            "type": "string",
            "x-same-as": "http://schema.org/provider"
          },
          "rating": {
            "type": "number"
          },
          "reviews": {
            "type": "array",
            "items": {
              "type": "string"
            }
          },
          "cars": {
            "type": "array",
            "items": {
              "$ref": "#/components/schemas/Car"
            }
          },
          "orders": {
            "type": "array",
            "items": {
              "$ref": "#/components/schemas/Order"
            }
          },
          "termsOfService": {
            "type": "string",
            "x-same-as": "http://schema.org/termsOfService"
          },
          "costPerKm": {
            "type": "number"
          },
          "hoursAvailable": {
            "type": "string",
            "x-same-as": "http://schema.org/hoursAvailable"
          },
          "phoneNumber": {
            "type": "string"
          }
        }
      },
      "Customer": {
        "type": "object",
        "x-same-as": "http://schema.org/Person",
        "properties": {
          "id": {
            "type": "integer",
            "x-same-as": "http://schema.org/identifier",
            "format": "int64"
          },
          "firstName": {
            "type": "string",
            "x-same-as": "http://schema.org/name"
          },
          "lastName": {
            "type": "string",
            "x-same-as": "http://schema.org/name"
          },
          "address": {
            "type": "string",
            "x-same-as": "http://schema.org/address"
          }
        }
      }
    }
  },
  "externalDocs": {
    "description": "Find out more about Swagger",
    "url": "http://swagger.io"
  }
}
