{
  "safeBump": false,
  "beforeChangelogCommand": "./release/check-for-breaking-changes.sh ${latestVersion} ${version}",
  "changelogCommand": "./release/get-changelog.sh",
  "buildCommand": "npm update swagger-client && npm update swagger-ui && npm run test && npm run build",
  "increment": "conventional:angular",
  "src": {
    "commitMessage": "release: v%s",
    "tagName": "v%s",
    "push": false,
    "afterReleaseCommand": "export GIT_TAG=v${version} && echo GIT_TAG=v${version} > release/.version"
  },
  "github": {
    "release": true,
    "releaseName": "Swagger Editor %s Released!",
    "draft": true
  }
}
